{"assets":{"A5A5F99BFB50BBA4D47BB610F8EFCBAE":{"type":"texture","index":0,"assetRequest":{"type":"slide","state":"contents","slide":"none"},"url":{"native":"assets\/09D25647-2E13-4653-A5A2-FD33E39E0452.pdf"},"width":1024,"height":768},"AB2F268028D3265505AF2A3CB890EB98":{"type":"texture","index":1,"assetRequest":{"type":"slide","state":"contents","slide":"none"},"url":{"native":"assets\/09D25647-2E13-4653-A5A2-FD33E39E0452.pdf"},"width":1024,"height":768}},"events":[{"effects":[{"beginTime":0,"baseLayer":{"animations":[],"initialState":{"affineTransform":[1,0,0,1,0,0],"masksToBounds":false,"rotation":0,"scale":1,"position":{"pointX":512,"pointY":384},"width":1024,"sublayerTransform":[1,0,0,0,0,1,0,0,0,0,1,0,0,0,0,1],"contentsRect":{"y":0,"x":0,"width":1,"height":1},"opacity":1,"edgeAntialiasingMask":251658240,"height":768,"hidden":false,"anchorPoint":{"pointX":0.5,"pointY":0.5}},"objectID":"0","layers":[{"animations":[],"initialState":{"affineTransform":[1,0,0,1,0,0],"masksToBounds":false,"rotation":0,"scale":1,"position":{"pointX":512,"pointY":384},"width":1024,"sublayerTransform":[1,0,0,0,0,1,0,0,0,0,1,-0.00049229876906403734,0,0,0,1],"contentsRect":{"y":0,"x":0,"width":1,"height":1},"opacity":1,"edgeAntialiasingMask":251658240,"height":768,"hidden":false,"anchorPoint":{"pointX":0.5,"pointY":0.5}},"layers":[{"animations":[],"layers":[],"texturedRectangle":{"isBackgroundTexture":false,"singleTextureOpacity":1,"textureType":0,"textBaseline":0,"textXHeight":0,"isVerticalText":false},"initialState":{"affineTransform":[1,0,0,1,0,0],"masksToBounds":false,"rotation":0,"scale":1,"position":{"pointX":512,"pointY":384},"width":1024,"sublayerTransform":[1,0,0,0,0,1,0,0,0,0,1,0,0,0,0,1],"contentsRect":{"y":0,"x":0,"width":1,"height":1},"opacity":1,"edgeAntialiasingMask":0,"height":768,"hidden":false,"anchorPoint":{"pointX":0.5,"pointY":0.5}},"texture":"AB2F268028D3265505AF2A3CB890EB98"},{"animations":[{"timeOffset":0,"from":{"scalar":false},"beginTime":0,"repeatCount":0,"fillMode":"both","property":"hidden","autoreverses":false,"duration":0.01,"to":{"scalar":true}}],"layers":[],"texturedRectangle":{"isBackgroundTexture":false,"singleTextureOpacity":1,"textureType":0,"textBaseline":0,"textXHeight":0,"isVerticalText":false},"initialState":{"affineTransform":[1,0,0,1,0,0],"masksToBounds":false,"rotation":0,"scale":1,"position":{"pointX":512,"pointY":384},"width":1024,"sublayerTransform":[1,0,0,0,0,1,0,0,0,0,1,0,0,0,0,1],"contentsRect":{"y":0,"x":0,"width":1,"height":1},"opacity":1,"edgeAntialiasingMask":0,"height":768,"hidden":false,"anchorPoint":{"pointX":0.5,"pointY":0.5}},"texture":"A5A5F99BFB50BBA4D47BB610F8EFCBAE"}]}]},"effects":[],"duration":0.01,"type":"transition","name":"none","objectID":"0"}],"automaticPlay":false,"hyperlinks":[],"accessibility":[{"text":"package main","targetRectangle":{"y":175.9999942779541,"x":251.99998474121094,"width":165.60000000000002,"height":34}},{"text":"import \\\"log\\\"","targetRectangle":{"y":237.9999942779541,"x":251.99998474121094,"width":165.60000000000002,"height":34}},{"text":"func sum(n int) int {","targetRectangle":{"y":305.9999942779541,"x":251.99998474121094,"width":289.80000000000018,"height":34}},{"text":"\\tif n <= 0 {","targetRectangle":{"y":339.9999942779541,"x":251.99998474121094,"width":187.80000000000007,"height":34}},{"text":"\\t\\treturn 0","targetRectangle":{"y":373.9999942779541,"x":251.99998474121094,"width":182.40000000000003,"height":34}},{"text":"\\t}","targetRectangle":{"y":407.9999942779541,"x":251.99998474121094,"width":49.800000000000011,"height":28}},{"text":"\\treturn n + sum(n-1)","targetRectangle":{"y":435.9999942779541,"x":251.99998474121094,"width":298.20000000000005,"height":34}},{"text":"}","targetRectangle":{"y":469.9999942779541,"x":251.99998474121094,"width":13.800000000000011,"height":28}},{"text":"func main() {","targetRectangle":{"y":525.9999942779541,"x":251.99998474121094,"width":179.40000000000003,"height":34}},{"text":"\\tres := sum(5) \/\/ 1 + 2 + 3 + 4 + 5","targetRectangle":{"y":559.9999942779541,"x":251.99998474121094,"width":505.20000000000027,"height":28}},{"text":"\\tlog.Printf(\\\"sum(5) = %d\\\", res)","targetRectangle":{"y":587.9999942779541,"x":251.99998474121094,"width":450.00000000000023,"height":34}},{"text":"}","targetRectangle":{"y":621.9999942779541,"x":251.99998474121094,"width":13.800000000000011,"height":28}},{"text":"no loops","targetRectangle":{"y":30.999999523162842,"x":401.59999513626099,"width":220.79999999999995,"height":66}}],"baseLayer":{"animations":[],"initialState":{"affineTransform":[1,0,0,1,0,0],"masksToBounds":false,"rotation":0,"scale":1,"position":{"pointX":512,"pointY":384},"width":1024,"sublayerTransform":[1,0,0,0,0,1,0,0,0,0,1,0,0,0,0,1],"contentsRect":{"y":0,"x":0,"width":1,"height":1},"opacity":1,"edgeAntialiasingMask":251658240,"height":768,"hidden":false,"anchorPoint":{"pointX":0.5,"pointY":0.5}},"objectID":"0","layers":[{"animations":[],"initialState":{"affineTransform":[1,0,0,1,0,0],"masksToBounds":false,"rotation":0,"scale":1,"position":{"pointX":512,"pointY":384},"width":1024,"sublayerTransform":[1,0,0,0,0,1,0,0,0,0,1,-0.00049229876906403734,0,0,0,1],"contentsRect":{"y":0,"x":0,"width":1,"height":1},"opacity":1,"edgeAntialiasingMask":251658240,"height":768,"hidden":false,"anchorPoint":{"pointX":0.5,"pointY":0.5}},"layers":[{"animations":[],"layers":[],"texturedRectangle":{"isBackgroundTexture":false,"singleTextureOpacity":1,"textureType":0,"textBaseline":0,"textXHeight":0,"isVerticalText":false},"initialState":{"affineTransform":[1,0,0,1,0,0],"masksToBounds":false,"rotation":0,"scale":1,"position":{"pointX":512,"pointY":384},"width":1024,"sublayerTransform":[1,0,0,0,0,1,0,0,0,0,1,0,0,0,0,1],"contentsRect":{"y":0,"x":0,"width":1,"height":1},"opacity":1,"edgeAntialiasingMask":0,"height":768,"hidden":false,"anchorPoint":{"pointX":0.5,"pointY":0.5}},"texture":"A5A5F99BFB50BBA4D47BB610F8EFCBAE"}]}]}}]}