{"assets":{"D8FE5111FF58B937FBEC1911DF9AAAD4":{"type":"texture","index":1,"assetRequest":{"type":"slide","state":"contents","slide":"none"},"url":{"native":"assets\/17C5A48F-184B-427D-8901-EE259C39EC6A.pdf"},"width":1024,"height":768},"39F89AC221A7064B18C3D9440C57210B":{"type":"texture","index":0,"assetRequest":{"type":"slide","state":"contents","slide":"none"},"url":{"native":"assets\/17C5A48F-184B-427D-8901-EE259C39EC6A.pdf"},"width":1024,"height":768}},"events":[{"effects":[{"beginTime":0,"baseLayer":{"animations":[],"initialState":{"affineTransform":[1,0,0,1,0,0],"masksToBounds":false,"rotation":0,"scale":1,"position":{"pointX":512,"pointY":384},"width":1024,"sublayerTransform":[1,0,0,0,0,1,0,0,0,0,1,0,0,0,0,1],"contentsRect":{"y":0,"x":0,"width":1,"height":1},"opacity":1,"edgeAntialiasingMask":251658240,"height":768,"hidden":false,"anchorPoint":{"pointX":0.5,"pointY":0.5}},"objectID":"0","layers":[{"animations":[],"initialState":{"affineTransform":[1,0,0,1,0,0],"masksToBounds":false,"rotation":0,"scale":1,"position":{"pointX":512,"pointY":384},"width":1024,"sublayerTransform":[1,0,0,0,0,1,0,0,0,0,1,-0.00049229876906403734,0,0,0,1],"contentsRect":{"y":0,"x":0,"width":1,"height":1},"opacity":1,"edgeAntialiasingMask":251658240,"height":768,"hidden":false,"anchorPoint":{"pointX":0.5,"pointY":0.5}},"layers":[{"animations":[],"layers":[],"texturedRectangle":{"isBackgroundTexture":false,"singleTextureOpacity":1,"textureType":0,"textBaseline":0,"textXHeight":0,"isVerticalText":false},"initialState":{"affineTransform":[1,0,0,1,0,0],"masksToBounds":false,"rotation":0,"scale":1,"position":{"pointX":512,"pointY":384},"width":1024,"sublayerTransform":[1,0,0,0,0,1,0,0,0,0,1,0,0,0,0,1],"contentsRect":{"y":0,"x":0,"width":1,"height":1},"opacity":1,"edgeAntialiasingMask":0,"height":768,"hidden":false,"anchorPoint":{"pointX":0.5,"pointY":0.5}},"texture":"D8FE5111FF58B937FBEC1911DF9AAAD4"},{"animations":[{"timeOffset":0,"from":{"scalar":false},"beginTime":0,"repeatCount":0,"fillMode":"both","property":"hidden","autoreverses":false,"duration":0.01,"to":{"scalar":true}}],"layers":[],"texturedRectangle":{"isBackgroundTexture":false,"singleTextureOpacity":1,"textureType":0,"textBaseline":0,"textXHeight":0,"isVerticalText":false},"initialState":{"affineTransform":[1,0,0,1,0,0],"masksToBounds":false,"rotation":0,"scale":1,"position":{"pointX":512,"pointY":384},"width":1024,"sublayerTransform":[1,0,0,0,0,1,0,0,0,0,1,0,0,0,0,1],"contentsRect":{"y":0,"x":0,"width":1,"height":1},"opacity":1,"edgeAntialiasingMask":0,"height":768,"hidden":false,"anchorPoint":{"pointX":0.5,"pointY":0.5}},"texture":"39F89AC221A7064B18C3D9440C57210B"}]}]},"effects":[],"duration":0.01,"type":"transition","name":"none","objectID":"0"}],"automaticPlay":false,"hyperlinks":[],"accessibility":[{"text":"\\t\/\/ let's solve classic Fizz Buzz problem with all of this","targetRectangle":{"y":123.4999942779541,"x":93.299972534179688,"width":822.59999999999923,"height":28}},{"text":"\\t\/\/ n % 3 == 0 -> Fizz","targetRectangle":{"y":151.4999942779541,"x":93.299972534179688,"width":325.80000000000013,"height":28}},{"text":"\\t\/\/ n % 5 == 0 -> Buzz","targetRectangle":{"y":179.4999942779541,"x":93.299972534179688,"width":325.80000000000013,"height":28}},{"text":"\\t\/\/ n % 15 == 0 -> FizzBuzz","targetRectangle":{"y":207.4999942779541,"x":93.299972534179688,"width":394.80000000000018,"height":28}},{"text":"\\t\/\/","targetRectangle":{"y":235.4999942779541,"x":93.299972534179688,"width":63.599999999999994,"height":28}},{"text":"\\t\/\/ [1, 2, 3, 4, 5, 6, 7, 8, 9, 10] ->","targetRectangle":{"y":263.4999942779541,"x":93.299972534179688,"width":546.60000000000014,"height":28}},{"text":"\\t\/\/ [1, 2, Fizz, 4, 5, Fizz, 7, 8, Fizz, 10]","targetRectangle":{"y":291.4999942779541,"x":93.299972534179688,"width":629.39999999999986,"height":28}},{"text":"\\t\/\/ first","targetRectangle":{"y":347.4999942779541,"x":93.299972534179688,"width":146.40000000000001,"height":28}},{"text":"\\t\/\/ we need kind of generator of range","targetRectangle":{"y":375.4999942779541,"x":93.299972534179688,"width":546.60000000000036,"height":28}},{"text":"func gen(low int) func(int) interface{} {","targetRectangle":{"y":429.99999523162842,"x":220.20001220703125,"width":565.80000000000018,"height":34}},{"text":"\\treturn func(high int) interface{} {","targetRectangle":{"y":463.99999523162842,"x":220.20001220703125,"width":519.00000000000023,"height":34}},{"text":"\\t\\tif low > high {","targetRectangle":{"y":497.99999523162842,"x":220.20001220703125,"width":279.00000000000011,"height":34}},{"text":"\\t\\t\\treturn nil","targetRectangle":{"y":531.99999523162842,"x":220.20001220703125,"width":246.00000000000011,"height":34}},{"text":"\\t\\t}","targetRectangle":{"y":565.99999523162842,"x":220.20001220703125,"width":85.800000000000011,"height":28}},{"text":"\\t\\treturn pair(low)(gen(low + 1)(high))","targetRectangle":{"y":593.99999523162842,"x":220.20001220703125,"width":568.80000000000007,"height":34}},{"text":"\\t}","targetRectangle":{"y":627.99999523162842,"x":220.20001220703125,"width":49.800000000000011,"height":28}},{"text":"}","targetRectangle":{"y":655.99999523162842,"x":220.20001220703125,"width":13.800000000000011,"height":28}},{"text":"FizzBuzz [gen]","targetRectangle":{"y":30.999999523162842,"x":318.80000019073486,"width":386.40000000000009,"height":66}}],"baseLayer":{"animations":[],"initialState":{"affineTransform":[1,0,0,1,0,0],"masksToBounds":false,"rotation":0,"scale":1,"position":{"pointX":512,"pointY":384},"width":1024,"sublayerTransform":[1,0,0,0,0,1,0,0,0,0,1,0,0,0,0,1],"contentsRect":{"y":0,"x":0,"width":1,"height":1},"opacity":1,"edgeAntialiasingMask":251658240,"height":768,"hidden":false,"anchorPoint":{"pointX":0.5,"pointY":0.5}},"objectID":"0","layers":[{"animations":[],"initialState":{"affineTransform":[1,0,0,1,0,0],"masksToBounds":false,"rotation":0,"scale":1,"position":{"pointX":512,"pointY":384},"width":1024,"sublayerTransform":[1,0,0,0,0,1,0,0,0,0,1,-0.00049229876906403734,0,0,0,1],"contentsRect":{"y":0,"x":0,"width":1,"height":1},"opacity":1,"edgeAntialiasingMask":251658240,"height":768,"hidden":false,"anchorPoint":{"pointX":0.5,"pointY":0.5}},"layers":[{"animations":[],"layers":[],"texturedRectangle":{"isBackgroundTexture":false,"singleTextureOpacity":1,"textureType":0,"textBaseline":0,"textXHeight":0,"isVerticalText":false},"initialState":{"affineTransform":[1,0,0,1,0,0],"masksToBounds":false,"rotation":0,"scale":1,"position":{"pointX":512,"pointY":384},"width":1024,"sublayerTransform":[1,0,0,0,0,1,0,0,0,0,1,0,0,0,0,1],"contentsRect":{"y":0,"x":0,"width":1,"height":1},"opacity":1,"edgeAntialiasingMask":0,"height":768,"hidden":false,"anchorPoint":{"pointX":0.5,"pointY":0.5}},"texture":"39F89AC221A7064B18C3D9440C57210B"}]}]}}]}