{"autoplayTransitionDelay":5,"author":"","timestamp":"2019-23-12 22:6:3","loopSlideshow":0,"filename":"go_func","autoplayBuildDelay":2,"comment":"","title":"go_func","showMode":0,"creator":"Apple Keynote 9.0.2","slideList":["7D643FA7-9A1F-45A5-A30F-7828735F3C35","43C3888A-6259-4436-93D8-E64B1B557790","09D25647-2E13-4653-A5A2-FD33E39E0452","3A62621B-C826-4FEE-A987-54B80BE1DA31","FBB3CBE3-9857-4E2C-AD40-CE48127841AE","E0147799-5F29-4057-B9BD-E1E458647929","B3BF6815-189B-4718-9DCE-09941462B75E","5D32969A-ED69-424C-A20B-289CF6A65417","A39E0782-E13A-4E40-A02C-0D7CDADE5C37","8612426A-F2E2-496E-9489-9F889007DB2D","17C5A48F-184B-427D-8901-EE259C39EC6A","4ECA553F-E22C-4F30-9C25-DB8B311253F0","25485619-FAA1-45EB-BAD2-7056DD232816","CD4D9252-CD2F-47AC-9167-1A21EEDF28FD","F88141D0-2E63-4A0F-98E4-15C0C5768BC8","979E9F12-917E-46E6-8AE2-4F6F89179F12","E3DC60F9-3B1B-4016-B64F-4A7D0DE31191"],"soundtrack":{"mode":0,"volume":1},"slideWidth":1024,"slideHeight":768,"slideCount":17,"majorVersion":1,"minorVersion":2,"fonts":["Helvetica-Light","HelveticaNeue","HelveticaNeue-Bold","HelveticaNeue-Italic","HelveticaNeue-Light","Helvetica","HelveticaNeue-Thin","FiraCode-Bold","GillSans","HelveticaNeue-Medium","FiraCode-Regular"]}