{"assets":{"09F57659FB09B82C99B12405CD454B1E":{"type":"texture","index":0,"assetRequest":{"type":"slide","state":"contents","slide":"none"},"url":{"native":"assets\/8612426A-F2E2-496E-9489-9F889007DB2D.pdf"},"width":1024,"height":768},"39F89AC221A7064B18C3D9440C57210B":{"type":"texture","index":1,"assetRequest":{"type":"slide","state":"contents","slide":"none"},"url":{"native":"assets\/8612426A-F2E2-496E-9489-9F889007DB2D.pdf"},"width":1024,"height":768}},"events":[{"effects":[{"beginTime":0,"baseLayer":{"animations":[],"initialState":{"affineTransform":[1,0,0,1,0,0],"masksToBounds":false,"rotation":0,"scale":1,"position":{"pointX":512,"pointY":384},"width":1024,"sublayerTransform":[1,0,0,0,0,1,0,0,0,0,1,0,0,0,0,1],"contentsRect":{"y":0,"x":0,"width":1,"height":1},"opacity":1,"edgeAntialiasingMask":251658240,"height":768,"hidden":false,"anchorPoint":{"pointX":0.5,"pointY":0.5}},"objectID":"0","layers":[{"animations":[],"initialState":{"affineTransform":[1,0,0,1,0,0],"masksToBounds":false,"rotation":0,"scale":1,"position":{"pointX":512,"pointY":384},"width":1024,"sublayerTransform":[1,0,0,0,0,1,0,0,0,0,1,-0.00049229876906403734,0,0,0,1],"contentsRect":{"y":0,"x":0,"width":1,"height":1},"opacity":1,"edgeAntialiasingMask":251658240,"height":768,"hidden":false,"anchorPoint":{"pointX":0.5,"pointY":0.5}},"layers":[{"animations":[],"layers":[],"texturedRectangle":{"isBackgroundTexture":false,"singleTextureOpacity":1,"textureType":0,"textBaseline":0,"textXHeight":0,"isVerticalText":false},"initialState":{"affineTransform":[1,0,0,1,0,0],"masksToBounds":false,"rotation":0,"scale":1,"position":{"pointX":512,"pointY":384},"width":1024,"sublayerTransform":[1,0,0,0,0,1,0,0,0,0,1,0,0,0,0,1],"contentsRect":{"y":0,"x":0,"width":1,"height":1},"opacity":1,"edgeAntialiasingMask":0,"height":768,"hidden":false,"anchorPoint":{"pointX":0.5,"pointY":0.5}},"texture":"39F89AC221A7064B18C3D9440C57210B"},{"animations":[{"timeOffset":0,"from":{"scalar":false},"beginTime":0,"repeatCount":0,"fillMode":"both","property":"hidden","autoreverses":false,"duration":0.01,"to":{"scalar":true}}],"layers":[],"texturedRectangle":{"isBackgroundTexture":false,"singleTextureOpacity":1,"textureType":0,"textBaseline":0,"textXHeight":0,"isVerticalText":false},"initialState":{"affineTransform":[1,0,0,1,0,0],"masksToBounds":false,"rotation":0,"scale":1,"position":{"pointX":512,"pointY":384},"width":1024,"sublayerTransform":[1,0,0,0,0,1,0,0,0,0,1,0,0,0,0,1],"contentsRect":{"y":0,"x":0,"width":1,"height":1},"opacity":1,"edgeAntialiasingMask":0,"height":768,"hidden":false,"anchorPoint":{"pointX":0.5,"pointY":0.5}},"texture":"09F57659FB09B82C99B12405CD454B1E"}]}]},"effects":[],"duration":0.01,"type":"transition","name":"none","objectID":"0"}],"automaticPlay":false,"hyperlinks":[],"accessibility":[{"text":"no arrays [list]","targetRectangle":{"y":30.999999523162842,"x":291.1999979019165,"width":441.60000000000014,"height":66}},{"text":"var list2arr = func(xs Pair) []interface{} {","targetRectangle":{"y":147.99999713897705,"x":200.99998474121094,"width":607.20000000000005,"height":34}},{"text":"\\tvar res []interface{}","targetRectangle":{"y":181.99999713897705,"x":200.99998474121094,"width":325.80000000000018,"height":34}},{"text":"\\tfor {","targetRectangle":{"y":215.99999713897705,"x":200.99998474121094,"width":105,"height":34}},{"text":"\\t\\tif tail(xs) == nil {","targetRectangle":{"y":249.99999713897705,"x":200.99998474121094,"width":348.00000000000023,"height":34}},{"text":"\\t\\t\\treturn append(res, head(xs))","targetRectangle":{"y":283.99999713897705,"x":200.99998474121094,"width":494.40000000000032,"height":34}},{"text":"\\t\\t}","targetRectangle":{"y":317.99999713897705,"x":200.99998474121094,"width":85.800000000000011,"height":28}},{"text":"\\t\\tres = append(res, head(xs))","targetRectangle":{"y":345.99999713897705,"x":200.99998474121094,"width":444.60000000000025,"height":28}},{"text":"\\t\\txs = tail(xs).(Pair)","targetRectangle":{"y":373.99999713897705,"x":200.99998474121094,"width":348.00000000000023,"height":28}},{"text":"\\t}","targetRectangle":{"y":401.99999713897705,"x":200.99998474121094,"width":49.800000000000011,"height":28}},{"text":"}","targetRectangle":{"y":429.99999713897705,"x":200.99998474121094,"width":13.800000000000011,"height":28}},{"text":"var arr2list = func(xs []interface{}) Pair {","targetRectangle":{"y":485.99999713897705,"x":200.99998474121094,"width":607.20000000000005,"height":34}},{"text":"\\tvar res interface{}","targetRectangle":{"y":519.99999713897705,"x":200.99998474121094,"width":298.2000000000001,"height":34}},{"text":"\\tfor i := len(xs) - 1; i >= 0; i-- {","targetRectangle":{"y":553.99999713897705,"x":200.99998474121094,"width":519.00000000000023,"height":34}},{"text":"\\t\\tres = pair(xs[i])(res)","targetRectangle":{"y":587.99999713897705,"x":200.99998474121094,"width":375.60000000000014,"height":28}},{"text":"\\t}","targetRectangle":{"y":615.99999713897705,"x":200.99998474121094,"width":49.800000000000011,"height":28}},{"text":"\\treturn res.(Pair)","targetRectangle":{"y":643.99999713897705,"x":200.99998474121094,"width":270.60000000000008,"height":34}},{"text":"}","targetRectangle":{"y":677.99999713897705,"x":200.99998474121094,"width":13.800000000000011,"height":28}}],"baseLayer":{"animations":[],"initialState":{"affineTransform":[1,0,0,1,0,0],"masksToBounds":false,"rotation":0,"scale":1,"position":{"pointX":512,"pointY":384},"width":1024,"sublayerTransform":[1,0,0,0,0,1,0,0,0,0,1,0,0,0,0,1],"contentsRect":{"y":0,"x":0,"width":1,"height":1},"opacity":1,"edgeAntialiasingMask":251658240,"height":768,"hidden":false,"anchorPoint":{"pointX":0.5,"pointY":0.5}},"objectID":"0","layers":[{"animations":[],"initialState":{"affineTransform":[1,0,0,1,0,0],"masksToBounds":false,"rotation":0,"scale":1,"position":{"pointX":512,"pointY":384},"width":1024,"sublayerTransform":[1,0,0,0,0,1,0,0,0,0,1,-0.00049229876906403734,0,0,0,1],"contentsRect":{"y":0,"x":0,"width":1,"height":1},"opacity":1,"edgeAntialiasingMask":251658240,"height":768,"hidden":false,"anchorPoint":{"pointX":0.5,"pointY":0.5}},"layers":[{"animations":[],"layers":[],"texturedRectangle":{"isBackgroundTexture":false,"singleTextureOpacity":1,"textureType":0,"textBaseline":0,"textXHeight":0,"isVerticalText":false},"initialState":{"affineTransform":[1,0,0,1,0,0],"masksToBounds":false,"rotation":0,"scale":1,"position":{"pointX":512,"pointY":384},"width":1024,"sublayerTransform":[1,0,0,0,0,1,0,0,0,0,1,0,0,0,0,1],"contentsRect":{"y":0,"x":0,"width":1,"height":1},"opacity":1,"edgeAntialiasingMask":0,"height":768,"hidden":false,"anchorPoint":{"pointX":0.5,"pointY":0.5}},"texture":"09F57659FB09B82C99B12405CD454B1E"}]}]}}]}