{"assets":{"A6B95ED8BB5A8408B66ACB8E90757104":{"type":"texture","index":1,"assetRequest":{"type":"slide","state":"contents","slide":"none"},"url":{"native":"assets\/B3BF6815-189B-4718-9DCE-09941462B75E.pdf"},"width":1024,"height":768},"8B2B577B210736FD3B99D432BE5ADF6B":{"type":"texture","index":0,"assetRequest":{"type":"slide","state":"contents","slide":"none"},"url":{"native":"assets\/B3BF6815-189B-4718-9DCE-09941462B75E.pdf"},"width":1024,"height":768}},"events":[{"effects":[{"beginTime":0,"baseLayer":{"animations":[],"initialState":{"affineTransform":[1,0,0,1,0,0],"masksToBounds":false,"rotation":0,"scale":1,"position":{"pointX":512,"pointY":384},"width":1024,"sublayerTransform":[1,0,0,0,0,1,0,0,0,0,1,0,0,0,0,1],"contentsRect":{"y":0,"x":0,"width":1,"height":1},"opacity":1,"edgeAntialiasingMask":251658240,"height":768,"hidden":false,"anchorPoint":{"pointX":0.5,"pointY":0.5}},"objectID":"0","layers":[{"animations":[],"initialState":{"affineTransform":[1,0,0,1,0,0],"masksToBounds":false,"rotation":0,"scale":1,"position":{"pointX":512,"pointY":384},"width":1024,"sublayerTransform":[1,0,0,0,0,1,0,0,0,0,1,-0.00049229876906403734,0,0,0,1],"contentsRect":{"y":0,"x":0,"width":1,"height":1},"opacity":1,"edgeAntialiasingMask":251658240,"height":768,"hidden":false,"anchorPoint":{"pointX":0.5,"pointY":0.5}},"layers":[{"animations":[],"layers":[],"texturedRectangle":{"isBackgroundTexture":false,"singleTextureOpacity":1,"textureType":0,"textBaseline":0,"textXHeight":0,"isVerticalText":false},"initialState":{"affineTransform":[1,0,0,1,0,0],"masksToBounds":false,"rotation":0,"scale":1,"position":{"pointX":512,"pointY":384},"width":1024,"sublayerTransform":[1,0,0,0,0,1,0,0,0,0,1,0,0,0,0,1],"contentsRect":{"y":0,"x":0,"width":1,"height":1},"opacity":1,"edgeAntialiasingMask":0,"height":768,"hidden":false,"anchorPoint":{"pointX":0.5,"pointY":0.5}},"texture":"A6B95ED8BB5A8408B66ACB8E90757104"},{"animations":[{"timeOffset":0,"from":{"scalar":false},"beginTime":0,"repeatCount":0,"fillMode":"both","property":"hidden","autoreverses":false,"duration":0.01,"to":{"scalar":true}}],"layers":[],"texturedRectangle":{"isBackgroundTexture":false,"singleTextureOpacity":1,"textureType":0,"textBaseline":0,"textXHeight":0,"isVerticalText":false},"initialState":{"affineTransform":[1,0,0,1,0,0],"masksToBounds":false,"rotation":0,"scale":1,"position":{"pointX":512,"pointY":384},"width":1024,"sublayerTransform":[1,0,0,0,0,1,0,0,0,0,1,0,0,0,0,1],"contentsRect":{"y":0,"x":0,"width":1,"height":1},"opacity":1,"edgeAntialiasingMask":0,"height":768,"hidden":false,"anchorPoint":{"pointX":0.5,"pointY":0.5}},"texture":"8B2B577B210736FD3B99D432BE5ADF6B"}]}]},"effects":[],"duration":0.01,"type":"transition","name":"none","objectID":"0"}],"automaticPlay":false,"hyperlinks":[],"accessibility":[{"text":"only functions with zero or one arguments","targetRectangle":{"y":30.000001192092896,"x":84.200003433227536,"width":883.19999999999993,"height":132}},{"text":"\/\/ usual add","targetRectangle":{"y":218.00000190734863,"x":24.5,"width":151.19999999999999,"height":26}},{"text":"func add1(a, b int) int {","targetRectangle":{"y":244.00000190734863,"x":24.5,"width":315.00000000000006,"height":31}},{"text":"\\treturn a + b","targetRectangle":{"y":275.00000190734863,"x":24.5,"width":187.19999999999996,"height":31}},{"text":"}","targetRectangle":{"y":306.00000190734863,"x":24.5,"width":12.600000000000001,"height":26}},{"text":"\/\/ func style add","targetRectangle":{"y":358.00000190734863,"x":24.5,"width":214.19999999999996,"height":26}},{"text":"func add2(a int) func(int) int {","targetRectangle":{"y":384.00000190734863,"x":24.5,"width":403.20000000000022,"height":31}},{"text":"\\treturn func(b int) int {","targetRectangle":{"y":415.00000190734863,"x":24.5,"width":338.40000000000009,"height":31}},{"text":"\\t\\treturn a + b","targetRectangle":{"y":446.00000190734863,"x":24.5,"width":223.19999999999993,"height":31}},{"text":"\\t}","targetRectangle":{"y":477.00000190734863,"x":24.5,"width":48.599999999999994,"height":26}},{"text":"}","targetRectangle":{"y":503.00000190734863,"x":24.5,"width":12.600000000000001,"height":26}},{"text":"\/\/ func style add, but prettier (no)","targetRectangle":{"y":555.00000190734863,"x":24.5,"width":453.60000000000031,"height":26}},{"text":"var add = func(a int) func(int) int { return func(b int) int { return a + b } }","targetRectangle":{"y":581.00000190734863,"x":24.5,"width":995.40000000000123,"height":31}}],"baseLayer":{"animations":[],"initialState":{"affineTransform":[1,0,0,1,0,0],"masksToBounds":false,"rotation":0,"scale":1,"position":{"pointX":512,"pointY":384},"width":1024,"sublayerTransform":[1,0,0,0,0,1,0,0,0,0,1,0,0,0,0,1],"contentsRect":{"y":0,"x":0,"width":1,"height":1},"opacity":1,"edgeAntialiasingMask":251658240,"height":768,"hidden":false,"anchorPoint":{"pointX":0.5,"pointY":0.5}},"objectID":"0","layers":[{"animations":[],"initialState":{"affineTransform":[1,0,0,1,0,0],"masksToBounds":false,"rotation":0,"scale":1,"position":{"pointX":512,"pointY":384},"width":1024,"sublayerTransform":[1,0,0,0,0,1,0,0,0,0,1,-0.00049229876906403734,0,0,0,1],"contentsRect":{"y":0,"x":0,"width":1,"height":1},"opacity":1,"edgeAntialiasingMask":251658240,"height":768,"hidden":false,"anchorPoint":{"pointX":0.5,"pointY":0.5}},"layers":[{"animations":[],"layers":[],"texturedRectangle":{"isBackgroundTexture":false,"singleTextureOpacity":1,"textureType":0,"textBaseline":0,"textXHeight":0,"isVerticalText":false},"initialState":{"affineTransform":[1,0,0,1,0,0],"masksToBounds":false,"rotation":0,"scale":1,"position":{"pointX":512,"pointY":384},"width":1024,"sublayerTransform":[1,0,0,0,0,1,0,0,0,0,1,0,0,0,0,1],"contentsRect":{"y":0,"x":0,"width":1,"height":1},"opacity":1,"edgeAntialiasingMask":0,"height":768,"hidden":false,"anchorPoint":{"pointX":0.5,"pointY":0.5}},"texture":"8B2B577B210736FD3B99D432BE5ADF6B"}]}]}}]}