{"assets":{"27CAD3DC31D5D5791DAE79BB427C65AE":{"type":"texture","index":1,"assetRequest":{"type":"slide","state":"contents","slide":"none"},"url":{"native":"assets\/3A62621B-C826-4FEE-A987-54B80BE1DA31.pdf"},"width":1024,"height":768},"AB2F268028D3265505AF2A3CB890EB98":{"type":"texture","index":0,"assetRequest":{"type":"slide","state":"contents","slide":"none"},"url":{"native":"assets\/3A62621B-C826-4FEE-A987-54B80BE1DA31.pdf"},"width":1024,"height":768}},"events":[{"effects":[{"beginTime":0,"baseLayer":{"animations":[],"initialState":{"affineTransform":[1,0,0,1,0,0],"masksToBounds":false,"rotation":0,"scale":1,"position":{"pointX":512,"pointY":384},"width":1024,"sublayerTransform":[1,0,0,0,0,1,0,0,0,0,1,0,0,0,0,1],"contentsRect":{"y":0,"x":0,"width":1,"height":1},"opacity":1,"edgeAntialiasingMask":251658240,"height":768,"hidden":false,"anchorPoint":{"pointX":0.5,"pointY":0.5}},"objectID":"0","layers":[{"animations":[],"initialState":{"affineTransform":[1,0,0,1,0,0],"masksToBounds":false,"rotation":0,"scale":1,"position":{"pointX":512,"pointY":384},"width":1024,"sublayerTransform":[1,0,0,0,0,1,0,0,0,0,1,-0.00049229876906403734,0,0,0,1],"contentsRect":{"y":0,"x":0,"width":1,"height":1},"opacity":1,"edgeAntialiasingMask":251658240,"height":768,"hidden":false,"anchorPoint":{"pointX":0.5,"pointY":0.5}},"layers":[{"animations":[],"layers":[],"texturedRectangle":{"isBackgroundTexture":false,"singleTextureOpacity":1,"textureType":0,"textBaseline":0,"textXHeight":0,"isVerticalText":false},"initialState":{"affineTransform":[1,0,0,1,0,0],"masksToBounds":false,"rotation":0,"scale":1,"position":{"pointX":512,"pointY":384},"width":1024,"sublayerTransform":[1,0,0,0,0,1,0,0,0,0,1,0,0,0,0,1],"contentsRect":{"y":0,"x":0,"width":1,"height":1},"opacity":1,"edgeAntialiasingMask":0,"height":768,"hidden":false,"anchorPoint":{"pointX":0.5,"pointY":0.5}},"texture":"27CAD3DC31D5D5791DAE79BB427C65AE"},{"animations":[{"timeOffset":0,"from":{"scalar":false},"beginTime":0,"repeatCount":0,"fillMode":"both","property":"hidden","autoreverses":false,"duration":0.01,"to":{"scalar":true}}],"layers":[],"texturedRectangle":{"isBackgroundTexture":false,"singleTextureOpacity":1,"textureType":0,"textBaseline":0,"textXHeight":0,"isVerticalText":false},"initialState":{"affineTransform":[1,0,0,1,0,0],"masksToBounds":false,"rotation":0,"scale":1,"position":{"pointX":512,"pointY":384},"width":1024,"sublayerTransform":[1,0,0,0,0,1,0,0,0,0,1,0,0,0,0,1],"contentsRect":{"y":0,"x":0,"width":1,"height":1},"opacity":1,"edgeAntialiasingMask":0,"height":768,"hidden":false,"anchorPoint":{"pointX":0.5,"pointY":0.5}},"texture":"AB2F268028D3265505AF2A3CB890EB98"}]}]},"effects":[],"duration":0.01,"type":"transition","name":"none","objectID":"0"}],"automaticPlay":false,"hyperlinks":[],"accessibility":[{"text":"no IFs","targetRectangle":{"y":30.999999523162842,"x":429.19999742507935,"width":165.60000000000002,"height":66}},{"text":"package main","targetRectangle":{"y":162.00000762939453,"x":245.09999084472656,"width":165.60000000000002,"height":34}},{"text":"import \\\"log\\\"","targetRectangle":{"y":224.00000762939453,"x":245.09999084472656,"width":165.60000000000002,"height":34}},{"text":"func main() {","targetRectangle":{"y":292.00000762939453,"x":245.09999084472656,"width":179.40000000000003,"height":34}},{"text":"\\t\/\/ -> no IFs?","targetRectangle":{"y":326.00000762939453,"x":245.09999084472656,"width":215.40000000000009,"height":28}},{"text":"\\t\/\/ any ternary operators? no?","targetRectangle":{"y":354.00000762939453,"x":245.09999084472656,"width":436.20000000000027,"height":28}},{"text":"\\t\/\/ let's try make something like","targetRectangle":{"y":382.00000762939453,"x":245.09999084472656,"width":477.60000000000025,"height":28}},{"text":"\\tn := 42","targetRectangle":{"y":410.00000762939453,"x":245.09999084472656,"width":132.60000000000002,"height":28}},{"text":"\\tanswer := map[bool]string{","targetRectangle":{"y":438.00000762939453,"x":245.09999084472656,"width":394.80000000000018,"height":34}},{"text":"      true: \\\"negative\\\", ","targetRectangle":{"y":472.00000762939453,"x":245.09999084472656,"width":331.20000000000016,"height":34}},{"text":"      false: “positive\\\"","targetRectangle":{"y":506.00000762939453,"x":245.09999084472656,"width":317.40000000000009,"height":34}},{"text":"  }[n < 0]","targetRectangle":{"y":540.00000762939453,"x":245.09999084472656,"width":138,"height":34}},{"text":"\\tlog.Printf(\\\"%d is %s\\\\n\\\", n, answer)","targetRectangle":{"y":602.00000762939453,"x":245.09999084472656,"width":519.00000000000023,"height":34}},{"text":"}","targetRectangle":{"y":636.00000762939453,"x":245.09999084472656,"width":13.800000000000011,"height":28}}],"baseLayer":{"animations":[],"initialState":{"affineTransform":[1,0,0,1,0,0],"masksToBounds":false,"rotation":0,"scale":1,"position":{"pointX":512,"pointY":384},"width":1024,"sublayerTransform":[1,0,0,0,0,1,0,0,0,0,1,0,0,0,0,1],"contentsRect":{"y":0,"x":0,"width":1,"height":1},"opacity":1,"edgeAntialiasingMask":251658240,"height":768,"hidden":false,"anchorPoint":{"pointX":0.5,"pointY":0.5}},"objectID":"0","layers":[{"animations":[],"initialState":{"affineTransform":[1,0,0,1,0,0],"masksToBounds":false,"rotation":0,"scale":1,"position":{"pointX":512,"pointY":384},"width":1024,"sublayerTransform":[1,0,0,0,0,1,0,0,0,0,1,-0.00049229876906403734,0,0,0,1],"contentsRect":{"y":0,"x":0,"width":1,"height":1},"opacity":1,"edgeAntialiasingMask":251658240,"height":768,"hidden":false,"anchorPoint":{"pointX":0.5,"pointY":0.5}},"layers":[{"animations":[],"layers":[],"texturedRectangle":{"isBackgroundTexture":false,"singleTextureOpacity":1,"textureType":0,"textBaseline":0,"textXHeight":0,"isVerticalText":false},"initialState":{"affineTransform":[1,0,0,1,0,0],"masksToBounds":false,"rotation":0,"scale":1,"position":{"pointX":512,"pointY":384},"width":1024,"sublayerTransform":[1,0,0,0,0,1,0,0,0,0,1,0,0,0,0,1],"contentsRect":{"y":0,"x":0,"width":1,"height":1},"opacity":1,"edgeAntialiasingMask":0,"height":768,"hidden":false,"anchorPoint":{"pointX":0.5,"pointY":0.5}},"texture":"AB2F268028D3265505AF2A3CB890EB98"}]}]}}]}